계정,공개키
tippy.archive,C5EFD46ADCB6D4199C6F58B7BBB47E0C
tippy.img,C70C14E2EDF973A59B3B9E14B2580361
tippy.subtitle,956DF148F9A0706CCF2626E55494142D
tippy.hosting,F53E7773AB2FE93A87FBC803E7F49F83
tippy.data000,70D09F4FF68115BEDE8EABC5484FFC14
tippy.data001,123B595F41753353584D028673E5F901
tippy.data002,78D51392DEB685E13A35DBCCA9FC49A7
tippy.data003,B59ECD5106B40D980A923AE706354807
tippy.data004,88896BD970A38F635BBEA44DB778394A
tippy.data005,610DB50AC04A22F123FE808A6B786FCF
tippy.data006,A0732597BDEA53BE6EFA8A2EBD52A88D
tippy.data007,22513CA11133560DD903BB57E967B320
tippy.data008,7358E7214BCE8918B692B89BFA386AE2
tippy.data009,A43CD29F77AEFD1E12DE0DC4BC98E934
tippy.data010,3C652A62C0D11973C73D4FEF7DCB41F9
inori.archive,34516A72584E45854BF47C867E83E16F
inori.shorts,6C84484005EA2173D5303FAADE834C32
inori.karaoke,3D50EDFF1D394B6833EF64AA6195E797
inori.img,1BE4700CF095D5CBA51CC4EE5A015D54
inori.data000,ABABFBDACD112254688D638A40736B09
inori.data001,B7804E8F92EF561ADB9EA970AD101782
inori.data002,E6D1A05126673849CAA459FA497914E9
inori.data003,483F95D2E92B324C4EBCE2B280F7F6A5
inori.data004,2D7CF6628BF63EAFCEADE6A839BDD008
inori.data005,A0269C31622EA26D4C1537ED7CF22B17
inori.data006,017CB343CCE1A4B2A6253651DDBC82FF
inori.data007,3DDC7A22380FD92484B8D5794854055E
inori.data008,D577088887AAE01A04D1E486833E4A09
inori.data009,C5B294E80849B0AE651294A0200CBD3C
inori.data010,7E8910F18B7D88F7473078F7FCAEF142
tippy.ac000,9111928EAB0708660C92C1FFEE92E1F1
tippy.ac001,8FC5C8C5B7CB8CF3ACAF17D5E9FF95A5
tippy.ac002,D26AA6BE37CE7263DDA9DBBBB39A05B9
tippy.ac003,E99C58389C09FBAD5CC5FBAF1B0B87F5
tippy.ac004,8002F2E29E7C60A1ECAE7B8FED2380F6
tippy.ac005,0EF16E4E785076DEA3E77BD870A4D834
tippy.ac006,1C926513CAF72261B1002B3479290E85
tippy.ac007,7087F8B0F909C1B065D66C83BA0B7097
tippy.ac008,
tippy.ac009,1F66AC261012CBE759ED044AD8009E47
tippy.entertain,9652EFA9094B682C15272DEBAF04E306
korsugarrush,861B2FE96B89A928770B23CE3CB15FA5
korsugarrush0,4A98026712B80D23AF254CDF013C4145
korsugarrush1,8334B90958A09240C887E5515815E76B
korsugarrush6,BBC93E1DDBE484E004FCADDBAED9DEF5
korsugarrush7,072CBED45C00F2D537D00BAAD398182D
korsugarrush8,09E2D4794E7F3137A7C41D40C612FC08